{
  "mode": "deteccion",
  "victim_policy": "menor_trabajo_hecho",
  "detection_interval": 1,
  "processes": [
    {
      "pid": "P1",
      "priority": 2
    },
    {
      "pid": "P2",
      "priority": 2
    },
    {
      "pid": "P3",
      "priority": 3
    },
    {
      "pid": "P4",
      "priority": 2
    },
    {
      "pid": "P5",
      "priority": 1
    }
  ],
  "resources": [
    {
      "rid": "R1",
      "instances": 1
    },
    {
      "rid": "R2",
      "instances": 3
    },
    {
      "rid": "R3",
      "instances": 2
    },
    {
      "rid": "R4",
      "instances": 2
    }
  ]
}